fecha;0011057020;0011077020;0011115020;0011115501;0011117040;0011117050;0012015060;0012015100;0012015110;0012017020;0012027010;0023050420;0023057140;0023085080;0023085260;0023085270;0023085501;0023087150;0023087160;0023087190;0023087210;0023087230;0023087660;0023097030;0023105060;0023105070;0023107020;0025027050;0026165502;0026175502;0026180180;0026185030;0026185050;0026185501;0026195501;0026195502;0026205501;0026207080;0026215501;0026217010;0026225060;0026237040;0026247010;0026247020;0026247050;0026255030;0027015280;0027015290;0027015310;0027015320;0027015330;0027015501;0027027060;0027037010;0027037030;1111500036;2308500068;2308500071;2621500070;2702500107
2005-01-01;;;;;;;;12,100000000000001;118,4;;;;;;45,1;;;;;;;;;;;;;;;;;;;;;;;;;;;;;;;;;;;;;;;;;;;;;
2005-02-01;;;;;;;;4,3;89,3;;;;;;64,3;;;;;;;;;;;;;;;;;;;;;;;;;;;;;;;;;;;;;;;;;;;;;
2005-03-01;;;;;;;;105,5;72,1;;;;;;17,4;;;;;;;;;;;;;;;;;;;;;;;;;;;;;;;;;;;;;;;;;;;;;
2005-04-01;;;;;;;;78,0;22,6;;;;;;27,2;;;;;;;;;;;;;;;;;;;;;;;;;;;;;;;;;;;;;;;;;;;;;
2005-05-01;;;;;;;;4,2;13,200000000000001;;;;;;48,0;;;;;;;;;;;;;;;;;;;;;;;;;;;;;;;;;;;;;;;;;;;;;
2005-06-01;;;;;;;;30,1;27,099999999999998;;;;;;21,1;;;;;;;;;;;;;;;;;;;;;;;;;;;;;;;;;;;;;;;;;;;;;
2005-07-01;;;;;;;;6,2;;;;;;;19,0;;;;;;;;;;;;;;;;;;;;;;;;;;;;;;;;;;;;;;;;;;;;;
2005-08-01;;;;;;;;1,7;;;;;;;28,7;;;;;;;;;;;;;;;;;;;;;;;;;;;;;;;;;;;;;;;;;;;;;
2005-09-01;;;;;;;;2,0;;;;;;;54,8;;;;;;;;;;;;;;;;;;;;;;;;;;;;;;;;;;;;;;;;;;;;;
2005-10-01;;;;;;;;81,8;107,7;;;;;;;;;;;;;;;;;;;;;;;;;;;;;;;;;;;;;;;;;;;;;;;;;;;
2005-11-01;;;;;;;;;89,2;;;;;;;;;;;;;;;;;;;;;;;;;;;;;;;;;;;;;;;;;;;;;;;;;;;
2005-12-01;;;;;;;;;73,7;;;;;;;;;;;;;;;;;;;;;;;;;;;;;;;;;;;;;;;;;;;;;;;;;;;
2006-01-01;;;;;;;;;9,4;;;;;;18,5;;;;;;;;;;;;;;;;;;;;;;;;;;;;;;;;;;;;;;;;;;;;;
2006-02-01;;;;;;;;;11,1;;;;;;;;;;;;;;;;;;;;;;;;;;;;;;;;;;;;;;;;;;;;;;;;;;;
2006-03-01;;;;;;;;;18,9;;;;;;22,0;;;;;;;;;;;;;;;;;;;;;;;;;;;;;;;;;;;;;;;;;;;;;
2006-05-01;;;;;;;;;;;;;;;;;;;;;;;;;31,4;23,9;;;;;;;;;;;;;;;;;;;;;;;;;;;;;;;;;;
2006-06-01;;;;;;;;;;;;;;;;;;;;;;;;;53,4;49,2;;;;;;;;;;;;;;;;;;;;;;;;;;;;;;;;;;
2006-07-01;;;;;;;;;;;;;;;;;;;;;;;;;16,5;7,0;;;;;;;;;;;;;;;;;;;;;;;;;;;;;;;;;;
2006-08-01;;;;;;;;;;;;;;;;;;;;;;;;;38,9;0,30000000000000004;;;;;;;;;;;;;;;;;;;;;;;;;;;;;;;;;;
2006-09-01;;;;;;;;;;;;;;;;;;;;;;;;;35,4;0,1;;;;;;;;;;;;;;;;;;;;;;;;;;;;;;;;;;
2006-10-01;;;;;;;;;;;;;;;;;;;;;;;;;22,9;;;;;;;;;;;;;;;;;;;;;;;;;;;;;;;;;;;
2006-11-01;;;;;;;;;;;;;;;;;;;;;;;;;9,0;19,5;;;;;;;;;;;;;;;;;;;;;;;;;;;;;;;;;;
2006-12-01;;;;;;;;;;;;;;;;;;;;;;;;;11,5;26,2;;;;;;;;;;;;;;;;;;;;;;;;;;;;;;;;;;
2007-01-01;;;;;;;;;;;;;;;;;;;;;;;;;9,0;14,4;;;;;;;;;;;;;;;;;;;;;;;;;;;;;;;;;;
2007-02-01;;;;;;;;;;;;;;;;;;;;;;;;;0,1;3,2;;;;;;;;;;;;;;;;;;;;;;;;;;;;;;;;;;
2007-03-01;;;;;;;;;;;;;66,0;;;;;;;;;;;;62,699999999999996;64,9;;;;;;;;;;;;;;;;;;;;;;;;;;;;;;;;;;
2007-04-01;;;;;;;;;;;;;13,299999999999999;;;;;;;;;;;;45,7;42,6;;;;;;;;;;;;;;;;;;;;;;;;;;;;;;;;;;
2007-05-01;;;;;;;;;;;;;;;;;;;;;;;;;68,0;5,9;;;;;;;;;;;;;;;;;;;;;;;;;;;;;;;;;;
2007-06-01;;;;;;;;;;;;;11,3;;;;;;;;17,099999999999998;;;;43,7;0,4;;;;;;;;;;;;;;;;;;;;;;;;;;;;;;;;;;
2007-07-01;;;;;;;;;;;;;22,1;;;;;;;;;;;;27,0;;;;;;;;;;;;;;;;;;;;;;;;;;;;;;;;;;;
2007-08-01;;;;;;;;;;;;;66,0;;;;;;;;75,39999999999999;;;;52,1;64,5;;;;;;;;;;;;;;;;;;;;;;;;;;;;;;;;;;
2007-09-01;;;;;;;;;;;;;48,4;;;;;;;;27,5;;;;36,1;29,4;;;;;;;;;;;;;;;;;;;;;;;;;;;;;;;;;;
2007-10-01;;;;;;;;;;;;;61,4;;;;;;;;41,3;;;;115,2;10,6;;;;;;;;;;;;;;;;;;;;;;;;;;;;;;;;;;
2007-11-01;;;;;;;;;;;;84,8;3,2;;;;;;;;;;;;41,2;0,1;;;;;;;;;;;;;;;;;;;;;;;;;;;;;;;;;;
2007-12-01;;;;;;;;;;;;98,7;49,5;;;;;;;;;;;;8,1;;;;;;;;;;;;;;;;;;;;;;;;;;;;;;;;;;;
2008-01-01;;;;;;;;;;;;52,7;6,9;;;;;;;;;;;;10,8;;;;;;;;;;;;;;;;;;;;;;;;;;;;;;;;;;;
2008-02-01;;;;;;;;;;;;;65,5;;;;;;;;10,6;;;;6,8999999999999995;;;;;;;;;;;;;;;;;;;;;;;;;;;;;;;;;;;
2008-03-01;;;;;;;;;;;;;22,4;;;;;;;;;;;;13,200000000000001;21,5;;;;;;;;;;;;;;;;;;;;;;;;;;;;;;;;;;
2008-04-01;;;;;;;;;;;;;4,8;;;;;;;;;;;;19,2;32,8;;;;;;;;;;;;;;;;;;;;;;;;;;;;;;;;;;
2008-05-01;;;;;;;;;;;;;23,8;;;;;;;;;;;;23,1;4,800000000000001;;;;;;;;;;;;;;;;;;;;;;;;;;;;;;;;;;
2008-06-01;;;;;;;;;;;;;22,0;;;;;;;;;;;;24,0;0,4;;;;;;;;;;;;;;;;;;;;;;;;;;;;;;;;;;
2008-07-01;;;;;;;;;;;;52,9;55,0;;;;;;;;;;;;55,6;0,1;;;;;;;;;;;;;;;;;;;;;;;;;;;;;;;;;;
2008-08-01;;;;;;;;;;;;57,2;97,4;;;;;;;;;;;;22,1;38,9;;;;;;;;;;;;;;;;;;;;;;;;;;;;;;;;;;
2008-09-01;;;;;;;;;;;;59,4;28,4;;;;;;;;;;;;41,800000000000004;11,8;;;;;;;;;;;;;;;;;;;;;;;;;;;;;;;;;;
2008-10-01;;;;;;;;;;;;83,7;89,0;;;;;;;;;;;;52,6;55,2;;;;;;;;;;;;;;;;;;;;;;;;;;;;;;;;;;
2008-11-01;;;;;;;;;;;;131,2;3,7;;;;;;;;;;;;61,1;39,1;;;;;;;;;;;;;;;;;;;;;;;;;;;;;;;;;;
2008-12-01;;;;;;;;;;;;55,8;;;;;;;;;;;;;3,4;1,8;;;;;;;;;;;;;;;;;;;;;;;;;;;;;;;;;;
2009-01-01;;;;;;;;;;;;133,5;7,9;;;;;;;;;;;;11,200000000000001;31,099999999999998;;;;;;;;;;;;;;;;;;;;;;;;;;;;;;;;;;
2009-02-01;;;;;;;;;;;;;8,600000000000001;;;;;;;;;;;;17,8;8,6;;;;;;;;;;;;;;;;;;;;;;;;;;;;;;;;;;
2009-03-01;;;;;;;;;;;;;22,4;;;;;;;;;;;;32,8;19,0;;;;;;;;;;;;;;;;;;;;;;;;;;;;;;;;;;
2009-04-01;;;;;;;;;;;;;6,300000000000001;;;;;;;;;;;;;6,799999999999999;;;;;;;;;;;;;;;;;;;;;;;;;;;;;;;;;;
2009-05-01;;;;;;;;;;;;101,3;1,4000000000000001;;;;;;;;;;;;23,3;10,1;;;;;;;;;;;;;;;;;;;;;;;;;;;;;;;;;;
2009-06-01;;;;;;;;;;;;80,5;6,5;;;;;;;;;;;;61,4;;;;;;;;;;;;;;;;;;;;;;;;;;;;;;;;;;;
2009-07-01;;;;;;;;;;;;17,8;15,1;;;;;;;;;;;;27,3;0,2;;;;;;;;;;;;;;;;;;;;;;;;;;;;;;;;;;
2009-08-01;;;;;;;;;;;;74,7;25,400000000000002;;;;;;;;;;;;45,8;48,6;;;;;;;;;;;;;;;;;;;;;;;;;;;;;;;;;;
2009-09-01;;;;;;;;;;;;58,9;37,7;;;;;;;;;;;;32,1;19,3;;;;;;;;;;;;;;;;;;;;;;;;;;;;;;;;;;
2009-10-01;;;;;;;;;;;;103,3;81,5;;;;;;;;;;;;23,5;68,39999999999999;;;;;;;;;;;;;;;;;;;;;;;;;;;;;;;;;;
2009-11-01;;;;;;;;;;;;93,0;43,5;;;;;;;;;;;;33,7;0,7;;;;;;;;;;;;;;;;;;;;;;;;;;;;;;;;;;
2009-12-01;;;;;;;;;;;;;35,3;;;;;;;;;;;;;;;;;;;;;;;;;;;;;;;;;;;;;;;;;;;;;;;
2010-01-01;;;;;;;;;;;;15,6;3,1;;;;;;;;;;;;0,4;2,0;;;;;;;;;;;;;;;;;;;;;;;;;;;;;;;;;;
2010-02-01;;;;;;;;;;;;30,8;2,6;;;;;;;;;;;;20,1;8,200000000000001;;;;;;;;;;;;;;;;;;;;;;;;;;;;;;;;;;
2010-03-01;;;;;;;;;;;;99,89999999999999;60,300000000000004;;;;;;;;21,0;;;;15,200000000000001;33,4;;;;;;;;;;;;;;;;;;;;;;;;;;;;;;;;;;
2010-04-01;;;;;;;;;;;;56,7;71,10000000000001;;;;;;;;44,2;;;;47,3;25,9;;;;;;;;;;;;;;;;;;;;;;;;;;;;;;;;;;
2010-05-01;;;;;;;;;;;;59,6;58,6;;;;;;;;36,7;;;;48,9;49,5;;;;;;;;;;;;;;;;;;;;;;;;;;;;;;;;;;
2010-06-01;;;;;;;;;;;;89,3;11,3;;;;;;;;20,2;;;;44,9;47,2;;;;;;;;;;;;;;;;;;;;;;;;;;;;;;;;;;
2010-07-01;;;;;;;;;;;;110,2;25,5;;;;;;;;84,9;;;;105,8;43,9;;;;;;;;;;;;;;;;;;;;;;;;;;;;;;;;;;
2010-08-01;;;;;;;;;;;;41,7;46,8;;;;;;;;48,8;;;;47,3;30,8;;;;;;;;;;;;;;;;;;;;;;;;;;;;;;;;;;
2010-09-01;;;;;;;;;;;;74,0;79,2;;;;;;;;32,1;;;;43,6;70,9;;;;;;;;;;;;;;;;;;;;;;;;;;;;;;;;;;
2010-10-01;;;;;;;;;;;;79,1;5,5;;;;;;;;31,6;;;;;27,5;;;;;;;;;;;;;;;;;;;;;;;;;;;;;;;;;;
2010-11-01;;;;;;;;;;;;148,5;36,6;;;;;;;;51,5;;;;;57,9;;;;;;;;;;;;;;;;;;;;;;;;;;;;;;;;;;
2010-12-01;;;;;;;;;;;;117,6;14,6;;;;;;;;33,9;;;;;17,8;;;;;;;;;;;;;;;;;;;;;;;;;;;;;;;;;;
2011-01-01;;;;;;;;36,4;;;;58,5;1,2;;;;;;;;5,7;;;;;4,0;;;;;;;;;;;;;;;;;;;;;;;;;;;;;;;;;;
2011-02-01;;;;;;;;6,3;;;;69,1;;;;;;;;;25,7;;;;;14,4;;;;;;;;;;;;;;;;;;;;;;;;;;;;;;;;;;
2011-03-01;;;;;;;;18,0;;;;131,5;98,1;;;;;;;;;;;;;38,8;;;;;;;;;;;;;;;;;;;;;;;;;;;;;;;;;;
2011-04-01;;;;;;;;58,0;5,5;;;193,3;94,3;;;;;;;;;;;;;42,5;;;;;;;;;;;;;;;;;;;;;;;;;;;;;;;;;;
2011-05-01;;;;;;;;32,7;;;;55,8;30,400000000000002;;;;;;;;;;;;;34,1;;;;;;;;;;;;;;;;;;;;;;;;;;;;;;;;;;
2011-06-01;;;;;;;;40,7;29,6;;;48,8;33,3;;;;;;;;;;;;;11,4;;;;;;;;;;;;;;;;;;;;;;;;;;;;;;;;;;
2011-07-01;;;;;;;;92,8;;;;43,3;13,1;;;;;;;;;;;;;74,0;;;;;;;;;;;;;;;;;;;;;;;;;;;;;;;;;;
2011-08-01;;;;;;;;55,9;;;;90,3;52,9;;;;;;;;;;;;;31,500000000000004;;;;;;;;;;;;;;;;;;;;;;;;;;;;;;;;;;
2011-09-01;;;;;;;;46,400000000000006;;;;52,5;31,200000000000003;;;;;;;;;;;;;27,5;;;;;;;;;;;;;;;;;;;;;;;;;;;;;;;;;;
2011-10-01;;;;;;;;38,1;;;;94,4;61,6;;;;;;;;;;;;;41,9;;;;;;;;;;;;;;;;;;;;;;;;;;;;;;;;;;
2011-11-01;;;;;;;;55,5;;;;107,0;87,0;;;;;;;;102,2;;;;;39,2;;;;;;;;;;;;;;;;;;;;;;;;;;;;;;;;;;
2011-12-01;;;;;;;;42,5;33,4;;;181,5;22,2;;;;;;;;25,8;;;;;13,1;;;;;;;;;;;;;;;;;;;;;;;;;;;;;;;;;;
2012-01-01;;;;;;;;22,400000000000002;42,1;;;147,4;;;;;;;;;11,3;;;;;19,1;;;;;;;;;;;;;;;;;;;;;;;;;;;;;;;;;;
2012-02-01;;;;;;;;14,7;17,2;;;52,0;2,2;;13,5;;;;;;68,2;;;;;7,0;;;;;;;;;;;;;;;;;;;;;;;;;;;;;;;;;;
2012-03-01;;;;;;;;9,8;14,0;;;67,1;;;21,3;;;;;;87,7;;;;;12,200000000000001;;;;;;;;;;;;;;;;;;;;;;;;;;;;;;;;;;
2012-04-01;;;;;;;;;;;;110,4;;;;;;;;;27,2;;;;;;;;;;;;;;;;;;;;;;;;;;;;;;;;;;;;;;;
2012-05-01;;;;;;;;;;;;70,7;;;;;;;;;70,2;;;;;;;;;;;;;;;;;;;;;;;;;;;;;;;;;;;;;;;
2012-06-01;;;;;;;;;;;;48,5;9,0;;24,2;;;;;;60,8;;;;;;;;;;;;;;;;;;;;;;;;;;;;;;;;;;;;;;;
2012-07-01;;;;;;;;;;;;41,5;6,5;;22,1;;;;;;4,0;;;;23,400000000000002;;;;;;;;;;;;;;;;;;;;;;;;;;;;;;;;;;;
2012-08-01;;;;;;;;;;;;51,6;22,6;;48,400000000000006;;;;;;;;;;40,9;;;;;;;;;;;;;;;;;;;;;;;;;;;;;;;;;;;
2012-09-01;;;;;;;;;;;;46,300000000000004;22,6;;14,3;;;;;;;;;;;;;;;;;;;;;;;;;;;;;;;;;;;;;;;;;;;;;
2012-10-01;;;;;;;;41,0;21,700000000000003;;;89,10000000000001;83,7;;42,7;;;;;;3,5;;;;;38,300000000000004;;;;;;;;;;;;;;;;;;;;;;;;;;;;;;;;;;
2012-11-01;;;;;;;;33,9;62,3;;;116,3;46,6;;63,1;;;;;;0,2;;;;;35,3;;;;;;;;;;;;;;;;;;;;;;;;;;;;;;;;;;
2012-12-01;;;;;;;;11,8;8,4;;;94,7;21,6;;16,4;;;;;;;;;;;8,200000000000001;;;;;;;;;;;;;;;;;;;;;;;;;;;;;;;;;;
2013-01-01;;;;;;;;;;;;42,5;2,4;;9,0;;;;;;;;;;;0,7;;;;;;;;;;;;;;;;;;;;;;;;;;;;;;;;;;
2013-02-01;;;;;;;;4,2;5,1;;;87,8;98,8;;38,7;;;;;;;;;;;7,0;;;;;;;;;;;;;;;;;;;;;;;;;;;;;;;;;;
2013-03-01;;;;;;;;1,0;20,400000000000002;;;95,8;;;58,0;;;;;;;;;;;1,2000000000000002;;;;;;;;;;;;;;;;;;;;;;;;;;;;;;;;;;
2013-04-01;;;;;;;;0,30000000000000004;92,7;;;76,3;32,9;;19,7;;;;;;;;;;;1,4000000000000001;;;;;;;;;;;;;;;;;;;;;;;;;;;;;;;;;;
2013-05-01;;;;;;;;0,2;51,400000000000006;;;118,1;;;60,9;;;;;;;;;;;24,7;;;;;;;;;;;;;;;;;;;;;;;;;;;;;;;;;;
2013-06-01;;;;;;;;74,7;31,2;;;84,9;27,2;;46,9;;;;;;37,2;;;;;47,1;;;;;;;;;;;;;;;;;;;;;;;;;;;;;;;;;;
2013-07-01;;;;;;;;40,5;12,5;;;45,2;50,900000000000006;;7,5;;;;;;13,4;;;;;4,6000000000000005;;;;;;;;;;;;;;;;;;;;;;;;;;;;;;;;;;
2013-08-01;;;;;;;;49,800000000000004;77,8;;;85,9;34,1;;45,6;;;;;;60,3;;;;;;;;;;;;;;;;;;;;;;;;;;;;;;;;;;;;;;;
2013-09-01;;;;;;;;32,1;52,800000000000004;;;92,7;;;47,800000000000004;;;;;;32,9;;;;;14,4;;;;;;;;;;;;;;;;;;;;;;;;;;;;;;;;;;
2013-10-01;;;;;;;;44,7;48,2;;;113,9;;;42,4;;;;;;0,1;;;;;;;;;;;;;;;;;;;;;;;;;;;;;;;;;;;;;;;
2013-11-01;;;;;;;;42,7;5,1000000000000005;;;119,8;;;76,5;;;;;;;;;;;;;;;;;;;;;;;;;;;;;;;;;;;;;;;;;;;;;
2013-12-01;;;;;;;;76,5;25,0;;;88,8;;;18,400000000000002;;;;;;;;;;;;;;;;;;;;;;;;;;;;;;;;;;;;;;;;;;;;;
2014-01-01;;;;;;;;8,4;27,5;;;123,3;;;7,7;;;;;;;;;;;;;;;;;;;;;;;;;;;;;;;;;;;;;;;;;;;;;
2014-02-01;;;;;;;;1,9;9,200000000000001;;;84,0;;;20,2;;;;;;;;;;;;;;;;;;;;;;;;;;;;;;;;;;;;;;;;;;;;;
2014-03-01;;;;;;;;18,4;7,0;;;;;;28,9;;;;;;;;;;;;;;;;;;;;;;;;;;;;;;;;;;;;;;;;;;;;;
2014-04-01;;;;;;;;7,1000000000000005;68,7;;;;;;23,0;;;;;;;;;;;;;;;;;;;;;;;;;;;;;;;;;;;;;;;;;;;;;
2014-05-01;;;;;;;;40,4;47,0;;;;;;68,0;;;;;;;;;;;;;;;;;;;;;;;;;;;;;;;;;;;;;;;;;;;;;
2014-06-01;;;;;;;;17,1;32,6;;;;;;33,7;;;;;;;;;;;;;;;;;;;;;;;;;;;;;;;;;;;;;;;;;;;;;
2014-07-01;;;;;;;;;38,2;;;;;;27,1;5,01;;;;;16,5;;;;22,5;1,6;;;;;;;;;;;;;;;;;;;;;;;;;;;;;;;;;;
2014-08-01;;;;;;;;;54,199999999999996;;;;;;54,300000000000004;1,1300000000000001;;;;;;;;;15,100000000000001;;;;;;;;;;;;;;;;;;;;;;;;;;;;;;;;;;;
2014-09-01;;;;;;;;;53,7;;;;;;55,5;2,44;;;;;;;;;;;;;;;;;;;;;;;;;;;;;;;;;;;;;;;;;;;;
2014-10-01;;;;;;;;;52,0;;;;;;53,5;0,56;;;;;;;;;;;;;;;;;;;;;;;;;;;;;;;;;;;;;;;;;;;;
2014-11-01;;;;;;;;43,3;49,300000000000004;;;;;;27,3;0,32;;;;;42,1;;;;;20,1;;;;;;;;;;;;;;;;;;;;;;;;;;;;;;;;;;
2014-12-01;;;;;;;;59,1;31,0;;;;;;15,6;0,49;;;;;;;;;;;;;;;;;;;;;;;;;;;;;;;;;;;;;;;;;;;;
2015-01-01;;;;;;;;18,3;4,5;;;;;;12,9;0,62;;;;;;;;;;;;;;;;;;;;;;;;;;;;;;;;;;;;;;;;;;;;
2015-02-01;;;;;;;;2,3;10,9;;;;;;29,1;0,8200000000000001;;;;;;;;;;;;;;;;;;;;;;;;;;;;;;;;;;;;;;;;;;;;
2015-03-01;;;;;;;;10,6;5,7;;;;;;11,0;1,6600000000000001;;;;;;;;;;;;;;;;;;;;;;;;;;;;;;;;;;;;;;;;;;;;
2015-04-01;;;;;;;;23,1;21,900000000000002;;;;;;16,1;1,48;;;;;;;;;;;;;;;;;;;;;;;;;;;;;;;;;;;;;;;;;;;;
2015-05-01;;;;;;;;39,3;26,0;;;;;;35,6;26,66;;;;;;;;;;;;;;;;;;;;;;;;;;;;;;;;;;;;;;;;;;;;
2015-06-01;;;;;;;;18,6;43,5;;;;;;13,3;17,68;;;;;;;;;12,200000000000001;;;;;;;;;;;;;;;;;;;;;;;;;;;;;;;;;;;
2015-07-01;;;;;;;;37,4;33,3;;;;;;42,9;23,75;;;;;3,8000000000000003;;;;46,1;;;;;;;;;;;;;;;;;;;;;;;;;;;;;;;;;;;
2015-08-01;;;;;;;;37,6;25,0;;;;;;;22,49;;;;;0,1;;;;26,400000000000002;;;;;;;;;;;;;;;;;;;;;;;;;;;;;;;;;;;
2015-09-01;;;;;;;;49,0;90,8;;;25,1;;;;24,45;;;;;1,2;;;;26,5;0,2;;;;;;;;;;;;;;;;;;;;;;;;;;;;;;;;;;
2015-10-01;;;;;;;;49,8;0,8;;;50,3;;;20,8;30,72;;;;;48,4;;;;31,7;;;;;;;;;;;;;;;;;;;;;;;;;;;;;;;;;;;
2015-11-01;;;;;;;;51,9;28,900000000000002;;;32,800000000000004;;;37,2;;;;;;14,5;;;;41,7;;;;;;;;;;;;;;;;;;;;;;;;;;;;;;;;;;;
2015-12-01;;;;;;;;9,9;31,799999999999997;;;2,8000000000000003;;;3,2;5,66;;;;;4,7;;;;18,2;;;;;;;;;;;;;;;;;;;;;;;;;;;;;;;;;;;
2016-01-01;;;;;;;;0,30000000000000004;;;;26,099999999999998;;;2,7;7,58;;;;;1,4000000000000001;;;;4,0;;;;;;;;;;;;;;;;;;;;;;;;;;;;;;;;;;;
2016-02-01;;;;;;;;0,6;0,4;;;53,6;;;11,9;19,36;;;;;27,6;;;;11,2;;;;;;;;;;;;;;;;;;;;;;;;;;;;;;;;;;;
2016-03-01;;;;;;;;3,6;2,3;;;50,7;;;3,8000000000000003;15,45;;;;;27,400000000000002;;;;20,8;;;;;;;;;;;;;;;;;;;;;;;;;;;;;;;;;;;
2016-04-01;;;;;;;;49,1;43,6;;;41,8;;;0,8;24,6;;;;;45,300000000000004;;;;44,2;0,2;;;;;;;;;;;;;;;;;;;;;;;;;;;;;;;;;;
2016-05-01;;;;;;;;68,4;48,1;;;44,1;;;16,4;66,01;;;;;62,0;;;;22,4;;;;;;;;;;;;;;;;;;;;;;;;;;;;;;;;;;;
2016-06-01;;;;19,8;;;;37,2;52,0;;;0,1;;;5,0;16,53;22,8;;;;41,5;;;;26,4;;;;;;;;;;;;;;;;;;;;;;;;;;;;;;;;;;;
2016-07-01;;;;41,3;;;;18,0;0,5;;;17,400000000000002;;;;18,38;50,1;;;;26,2;;;;41,3;;;;;;;;;;;;;;;;;;;;;;;;;;;;;;;;;;;
2016-08-01;;;;25,6;;;;20,7;;;;;;;;;4,7;;;;30,7;;;;6,4;;;;;;;;;;;;;;;;;;;;;;;;;;;;;;;;;;;
2016-09-01;;;;24,3;;;;50,6;66,5;;;;;;;;;;;;33,2;;;;74,3;;;;;;;;;;;;;;;;;;;;;;;;;;;;;;;;;;;
2016-10-01;;;;;;;;33,9;63,2;;;;;;;;;;;;0,5;;;;50,4;;;;;;;;;;;;;;;;;;;;;;;;;;;;;;;;;;;
2016-11-01;;;;;;;;85,30000000000001;63,6;;;;;;;;;;;;;;;;41,9;;;;;;;;;;;;;;;;;;;;;;;;;;;;;;;;;;;
2016-12-01;;;;;;;;33,2;;;;;;;0,4;;;;;;7,1000000000000005;;;;14,3;;;;;;;;;;;;;;;;;;;;;;;;;;;;;;;;;;;
2017-01-01;;;;;;;;20,5;0,1;;;;;;;;;;;;;;;;29,900000000000002;;;;;;;;;;;;;;;;;;;;;;;;;;;;;;;;;;;
2017-02-01;;;;;;;;0,2;1,2000000000000002;;;;;;11,0;;;;;;;;;15,399999999999999;;;;;;;;;1,7;;;;;1,1;;;10,5;0,2;;;;12,6;7,2;7,6000000000000005;;;21,855999999999998;;;;;;;;;
2017-03-01;;;;;;;;94,4;;;;;;;30,6;;;;;;;;;13,9;;;;;32,1;40,4;;;58,8;;3,6;25,599999999999998;69,2;19,7;27,7;;;0,1;;;;71,6;19,8;46,4;0,30000000000000004;;65,492;47,1;;;77,5;;;;;
2017-04-01;;;;;;;;32,199999999999996;;;;;;;1,9000000000000001;20,258;;;;;0,4;;;208,1;;;;;;;;;30,9;;;;;5,9;;;;;;10,5;;80,6;19,2;32,7;15,7;;16,997999999999998;;;23,3;59,8;;;;;
2017-05-01;;;;20,9;;;;71,4;;;;8,200000000000001;;;1,7000000000000002;68,123;;;;;8,9;;;44,8;;;;;25,900000000000002;11,1;;;57,300000000000004;;;26,6;27,7;44,8;26,9;;29,400000000000002;;;;;97,89999999999999;65,9;20,4;38,1;13,700000000000001;44,088;34,9;;20,7;66,7;;;;;
2017-06-01;;;;;;;;23,4;;;;17,7;;;;59,993;;;;;39,8;;;34,4;;;;;48,4;36,5;;0,2;35,9;;;51,2;55,6;5,6000000000000005;43,1;;21,900000000000002;0,1;;;;86,9;29,900000000000002;22,7;22,6;28,900000000000002;39,486;72,3;;26,099999999999998;;;;;;
2017-07-01;;;;19,7;;;;0,6;;;;2,6;;;0,1;7,827;;;;;13,5;;;1,9000000000000001;;;;;28,0;19,9;;;1,8;;;13,7;31,700000000000003;5,7;20,0;;0,2;;;;;80,4;1,6;0,8;1,5;0,7000000000000001;6,792999999999999;25,1;;;;;;;;
2017-08-01;;;;5,1;;;;10,3;24,0;;;5,5;;;;21,736;;;;;36,4;;;;;;;;37,0;23,8;28,0;;19,0;;;40,9;25,8;4,9;25,400000000000002;;12,1;;;;;96,9;21,3;20,1;13,0;;23,208;69,4;;58,1;;;;;;
2017-09-01;;;;40,0;;;;9,1;68,4;;;1,7000000000000002;;;;35,425;;;;;66,2;;;;;;;;61,9;49,2;78,8;;73,2;;60,6;56,8;45,1;23,0;52,0;;8,1;53,300000000000004;;2,2;;86,7;47,3;43,7;23,400000000000002;;38,307;57,5;;90,4;;;;;;
2017-10-01;;;;39,0;;;;22,3;60,5;;;4,2;;;0,1;21,669999999999998;57,5;;;;32,4;;;;;;;;43,0;26,7;40,2;42,7;28,400000000000002;;33,2;60,9;49,0;70,1;35,4;;3,4000000000000004;48,4;;0,4;;31,2;25,0;20,2;21,3;;24,193;46,5;;117,2;;;;;;
2017-11-01;;;;45,9;;;13,4;47,9;75,9;;;;;;0,8;26,315;123,9;;;;58,7;;;;;;;;31,2;43,4;61,2;47,1;49,7;;47,0;33,2;70,0;51,3;28,5;;5,1;92,8;;;;50,0;;29,8;15,3;;17,958;42,6;;58,8;;;;;;
2017-12-01;;;;;;;;28,2;23,5;;;;;;8,700000000000001;30,67;43,9;;;;78,7;;;;;2,2;;;28,7;22,6;21,200000000000003;32,0;23,1;4,9;30,8;31,3;35,0;29,6;;;1,1;;;;;24,2;6,9;25,9;7,300000000000001;2,5;18,971;39,7;;13,2;;;;;;
2018-01-01;;;;;;;;36,300000000000004;56,5;;;506,5;;;17,5;19,411;85,60000000000001;;;;;;;;;7,6;;;12,1;14,1;22,2;55,9;18,5;15,700000000000001;12,0;19,099999999999998;34,9;51,2;;;1,8;;;;;;9,0;22,900000000000002;10,7;9,0;20,320999999999998;14,4;;33,3;;;;;;
2018-02-01;;;;;;;;;;;;;;;15,200000000000001;27,547;37,9;;;;;;;;;1,2;;;19,6;10,200000000000001;10,6;9,9;21,499999999999996;5,2;21,5;8,3;9,5;6,5;;;0,30000000000000004;0,8;;1,3;;;5,0;;6,2;4,9;14,067;11,4;;;;;;;;
2018-03-01;;;;;;;;0,6000000000000001;3,4;;;2,7;;;1,3;18,661;59,300000000000004;;;;;;;37,2;;10,6;;;35,6;23,3;42,6;3,0;17,1;16,7;27,7;3,8000000000000003;20,8;23,6;;;7,8;0,5;;;;;7,6000000000000005;58,8;6,7;;26,026;44,9;;;7,4;;;;;
2018-04-01;;;;;;;;46,6;31,6;;;52,4;;;1,2000000000000002;37,816;102,6;;;;;;;30,2;;26,0;;;38,2;37,800000000000004;40,800000000000004;4,0;37,0;;41,300000000000004;39,1;43,9;29,3;;;3,5;0,9;;34,3;;;6,800000000000001;48,0;0,4;;60,604;54,0;;;10,3;;;;;
2018-05-01;;;;;;;;40,2;9,200000000000001;;;43,9;;;;63,676;121,0;;;;;;;;;16,6;;;38,300000000000004;59,6;56,6;3,6;94,9;16,2;49,6;45,7;89,7;6,0;;;0,1;59,4;;49,3;;;9,600000000000001;67,60000000000001;;;70,895;84,0;;1,2000000000000002;;;;;;
2018-06-01;;;;;;;;87,7;78,0;;;11,3;;;;24,85;40,4;;;;;;;;;;;;30,3;;25,8;0,8;24,4;17,3;27,6;45,5;22,0;28,8;;;;73,3;;0,9;;;7,5;24,0;;;17,83;24,1;;1,5;;;;;;
2018-07-01;;;;;;;;28,599999999999998;71,4;;;0,7999999999999999;;;;12,488;34,2;;;;;;;30,8;;;;;19,8;8,600000000000001;25,400000000000002;2,9000000000000004;11,5;9,0;43,900000000000006;19,0;42,0;11,8;;;;91,4;;;;;3,5;15,1;;;7,042;53,1;;14,0;;;;;;
2018-08-01;;;;;;;;41,3;49,1;;;2,9;;;;27,213;102,3;;;;;;;25,400000000000002;;;;;27,1;19,3;13,0;4,800000000000001;16,9;9,0;30,200000000000003;20,7;45,4;;;;;116,5;;;;0,2;1,0;17,2;;;10,785;72,1;;;;;;;;
2018-09-01;;;;;;;;55,3;51,4;;;33,2;;;;54,889;102,4;;;;;;;63,0;;;;;46,1;30,3;45,4;4,3;47,7;13,6;28,900000000000002;12,4;55,4;;;;;85,6;;;;;2,1;48,0;;;62,398;75,8;;;;;;;;
2018-10-01;;;;;;;;46,0;2,3000000000000003;;;51,300000000000004;;;;38,718;96,7;;;;20,4;;;22,6;;;;;35,5;30,3;40,4;4,7;64,9;10,6;50,8;41,3;46,5;;;;16,3;113,5;;4,3;;;2,4000000000000004;39,1;;;51,184;59,9;;;;;;;;
2018-11-01;;;;;;;;77,9;0,1;;;57,2;;;;36,054;109,0;;;;47,1;;;32,2;;;;;;;43,800000000000004;1,9000000000000001;35,6;4,2;;16,8;60,800000000000004;26,9;;;9,700000000000001;67,4;;;;;1,9000000000000001;62,8;;;42,719;60,2;;;78,2;;;;;
2018-12-01;;;;;;;;10,3;22,5;;;21,4;;;2,8;2,26;35,5;5,2;;;13,4;;;13,6;;;;;2,5;;14,600000000000001;0,5;0,7999999999999999;1,4;0,30000000000000004;2,9;24,6;3,4;;;;44,0;;;;;1,2000000000000002;5,4;;;3,03;13,700000000000001;;;5,2;;;;;
2019-01-01;;;;;;;;3,9;2,6;;;0,9;;;13,1;8,981;87,0;14,4;;;16,4;;;8,200000000000001;;;;;11,5;7,5;16,8;;;0,6;15,0;1,9;8,3;0,7;;;;12,700000000000001;;;;;0,9;11,1;;;17,229;8,1;;;4,300000000000001;;;;;
2019-02-01;;;;;;;;;;;;;;;16,7;24,884;25,8;11,8;;;;;;28,6;;;;;24,2;10,2;53,800000000000004;0,7000000000000001;;;36,8;27,8;23,099999999999998;0,6000000000000001;;;;5,3;;;;;0,8;17,8;;;13,036;;;;1,9000000000000001;;;;;
2019-03-01;34,0;11,200000000000001;;;11,2;12,4;4,6000000000000005;15,8;10,4;24,8;1,4;;;35,8;22,2;27,091;100,1;8,6;13,0;;22,0;78,0;9,8;98,0;;;17,2;10,0;15,200000000000001;16,5;22,8;0,4;;13,3;20,6;37,5;38,2;22,3;;38,4;;;156,2;0,1;;;0,2;43,5;;;;;;;7,7;;16,6;51,4;14,799999999999999;36,800000000000004
2019-04-01;96,6;53,800000000000004;57,6;;36,0;41,6;94,0;43,0;24,9;47,4;11,8;;;42,2;25,2;;90,2;75,6;16,8;;11,0;62,6;69,8;0,2;;;84,8;8,2;42,6;33,6;56,8;;;47,4;55,3;15,1;51,8;22,3;;;;;68,4;;14,1;;;30,6;;;;;5,2;;;62,8;47,6;60,0;42,6;23,0
2019-05-01;153,4;51,0;90,6;;65,6;63,2;135,2;58,3;;64,0;;;;58,6;0,6000000000000001;;111,4;70,2;27,400000000000002;;;36,8;60,800000000000004;;;;49,8;54,800000000000004;61,1;72,3;76,8;;;60,7;57,3;0,8;74,7;4,0;;50,2;;11,200000000000001;99,0;;199,7;;;38,7;;;;;;;;58,6;60,0;86,2;33,0;117,8
2019-06-01;78,0;32,4;25,8;;90,0;22,2;50,0;33,0;;21,6;19,0;;;16,8;;;36,6;18,8;;;3,5000000000000004;85,60000000000001;5,6000000000000005;;;;72,0;57,4;40,8;;18,6;;;20,8;31,3;2,3000000000000003;29,3;2,0;37,800000000000004;7,0;;5,6000000000000005;53,2;;8,3;;;24,2;;;;;;;;32,4;27,8;28,400000000000002;40,2;91,2
2019-07-01;99,4;19,6;22,2;;97,2;20,4;84,8;32,0;74,0;19,6;14,200000000000001;;;53,2;0,6000000000000001;;63,800000000000004;29,2;0,2;;13,6;16,2;3,2;;;;14,0;44,4;24,0;;58,6;;;16,1;44,4;0,2;26,400000000000002;383,0;36,0;10,0;;;660,6;;10,6;;;18,0;;;;;;;35,4;9,6;52,6;38,6;50,6;72,2
2019-08-01;;2,2;16,8;;93,0;8,6;67,0;41,9;79,3;36,4;;;;16,0;0,30000000000000004;;2,7;9,200000000000001;0,6000000000000001;26,200000000000003;4,2;0,6000000000000001;1,2000000000000002;0,2;;8,5;8,4;8,4;21,1;;2,4000000000000004;7,1000000000000005;;;25,9;;1,4000000000000001;;6,8;3,4000000000000004;2,7;12,7;701,2;;3,3;;6,8;1,2;;1,4000000000000001;;;;;66,0;10,6;5,8;1,4000000000000001;16,6;28,2
